"filename", "language", "Log", "Python", "Markdown", "pip requirements", "comment", "blank", "total"
"f:\ZhouTomo\ZhouTomo_v2\AGENT_CLIENT_COMPLETION_SUMMARY.md", "Markdown", 0, 0, 135, 0, 0, 52, 187
"f:\ZhouTomo\ZhouTomo_v2\DEBUG_INFO_SUMMARY.md", "Markdown", 0, 0, 146, 0, 0, 42, 188
"f:\ZhouTomo\ZhouTomo_v2\WIRING_COMPLETION_SUMMARY.md", "Markdown", 0, 0, 159, 0, 0, 52, 211
"f:\ZhouTomo\ZhouTomo_v2\agent.log", "Log", 0, 0, 0, 0, 0, 1, 1
"f:\ZhouTomo\ZhouTomo_v2\agent_client.py", "Python", 0, 425, 0, 0, 26, 100, 551
"f:\ZhouTomo\ZhouTomo_v2\config\__init__.py", "Python", 0, 0, 0, 0, 1, 1, 2
"f:\ZhouTomo\ZhouTomo_v2\config\colors.py", "Python", 0, 61, 0, 0, 10, 16, 87
"f:\ZhouTomo\ZhouTomo_v2\debug_spinbox.py", "Python", 0, 85, 0, 0, 7, 18, 110
"f:\ZhouTomo\ZhouTomo_v2\docs\API_USAGE_EXAMPLES.md", "Markdown", 0, 0, 328, 0, 0, 106, 434
"f:\ZhouTomo\ZhouTomo_v2\docs\PORTS_TEMSCRIPT_README.md", "Markdown", 0, 0, 203, 0, 0, 73, 276
"f:\ZhouTomo\ZhouTomo_v2\docs\README.md", "Markdown", 0, 0, 215, 0, 0, 67, 282
"f:\ZhouTomo\ZhouTomo_v2\docs\README_AGENT_INTEGRATION.md", "Markdown", 0, 0, 231, 0, 0, 82, 313
"f:\ZhouTomo\ZhouTomo_v2\docs\README_ASYNC_FIX.md", "Markdown", 0, 0, 200, 0, 0, 76, 276
"f:\ZhouTomo\ZhouTomo_v2\docs\README_IMAGE_DISPLAY.md", "Markdown", 0, 0, 121, 0, 0, 53, 174
"f:\ZhouTomo\ZhouTomo_v2\docs\README_THREAD_SOLUTION.md", "Markdown", 0, 0, 234, 0, 0, 78, 312
"f:\ZhouTomo\ZhouTomo_v2\docs\README_agent_client.md", "Markdown", 0, 0, 282, 0, 0, 106, 388
"f:\ZhouTomo\ZhouTomo_v2\docs\README_domain.md", "Markdown", 0, 0, 190, 0, 0, 64, 254
"f:\ZhouTomo\ZhouTomo_v2\docs\README_v2.md", "Markdown", 0, 0, 87, 0, 0, 63, 150
"f:\ZhouTomo\ZhouTomo_v2\docs\README_wiring.md", "Markdown", 0, 0, 128, 0, 0, 65, 193
"f:\ZhouTomo\ZhouTomo_v2\domain.py", "Python", 0, 341, 0, 0, 20, 94, 455
"f:\ZhouTomo\ZhouTomo_v2\example_agent_client_usage.py", "Python", 0, 170, 0, 0, 28, 60, 258
"f:\ZhouTomo\ZhouTomo_v2\example_wiring_usage.py", "Python", 0, 111, 0, 0, 19, 48, 178
"f:\ZhouTomo\ZhouTomo_v2\install_dependencies.py", "Python", 0, 41, 0, 0, 3, 11, 55
"f:\ZhouTomo\ZhouTomo_v2\main.py", "Python", 0, 25, 0, 0, 9, 15, 49
"f:\ZhouTomo\ZhouTomo_v2\ports_temscript.py", "Python", 0, 1040, 0, 0, 68, 232, 1340
"f:\ZhouTomo\ZhouTomo_v2\requirements.txt", "pip requirements", 0, 0, 0, 14, 7, 6, 27
"f:\ZhouTomo\ZhouTomo_v2\resources\README.md", "Markdown", 0, 0, 51, 0, 0, 18, 69
"f:\ZhouTomo\ZhouTomo_v2\resources\__init__.py", "Python", 0, 0, 0, 0, 1, 1, 2
"f:\ZhouTomo\ZhouTomo_v2\resources\resource_manager.py", "Python", 0, 75, 0, 0, 11, 24, 110
"f:\ZhouTomo\ZhouTomo_v2\run_agent.py", "Python", 0, 289, 0, 0, 40, 86, 415
"f:\ZhouTomo\ZhouTomo_v2\server_fastapi.py", "Python", 0, 738, 0, 0, 86, 153, 977
"f:\ZhouTomo\ZhouTomo_v2\test\test_agent_client.py", "Python", 0, 59, 0, 0, 12, 27, 98
"f:\ZhouTomo\ZhouTomo_v2\test\test_temscript.py", "Python", 0, 3, 0, 0, 0, 9, 12
"f:\ZhouTomo\ZhouTomo_v2\view\CUSTOM_SPINBOX_README.md", "Markdown", 0, 0, 155, 0, 0, 46, 201
"f:\ZhouTomo\ZhouTomo_v2\view\POPUP_DIALOGS_README.md", "Markdown", 0, 0, 139, 0, 0, 42, 181
"f:\ZhouTomo\ZhouTomo_v2\view\README.md", "Markdown", 0, 0, 31, 0, 0, 11, 42
"f:\ZhouTomo\ZhouTomo_v2\view\REFACTORING_NOTES.md", "Markdown", 0, 0, 50, 0, 0, 15, 65
"f:\ZhouTomo\ZhouTomo_v2\view\SPLASH_SCREEN_README.md", "Markdown", 0, 0, 81, 0, 0, 25, 106
"f:\ZhouTomo\ZhouTomo_v2\view\__init__.py", "Python", 0, 0, 0, 0, 1, 1, 2
"f:\ZhouTomo\ZhouTomo_v2\view\agent_manager.py", "Python", 0, 121, 0, 0, 11, 27, 159
"f:\ZhouTomo\ZhouTomo_v2\view\dialogs.py", "Python", 0, 576, 0, 0, 61, 87, 724
"f:\ZhouTomo\ZhouTomo_v2\view\image_canvas.py", "Python", 0, 175, 0, 0, 22, 21, 218
"f:\ZhouTomo\ZhouTomo_v2\view\main_window.py", "Python", 0, 1155, 0, 0, 222, 221, 1598
"f:\ZhouTomo\ZhouTomo_v2\view\splash_screen.py", "Python", 0, 157, 0, 0, 35, 50, 242
"f:\ZhouTomo\ZhouTomo_v2\view\toolbar.py", "Python", 0, 312, 0, 0, 52, 59, 423
"f:\ZhouTomo\ZhouTomo_v2\view\widgets.py", "Python", 0, 237, 0, 0, 8, 40, 285
"f:\ZhouTomo\ZhouTomo_v2\wiring.py", "Python", 0, 307, 0, 0, 17, 92, 416
"Total", "-", 0, 6503, 3166, 14, 777, 2636, 13096